"species_id","id","genus","species","mean_mass","mean_sd","contains_estimates","contains_na"
27,"sp20630","Alopochen","aegyptiaca",1873,131.424825346052,TRUE,FALSE
28,"sp10210","Cairina","moschata",2450,171.781041107337,TRUE,FALSE
77,"sp3110","Ortalis","vetula",563,55,FALSE,FALSE
85,"sp2920","Oreortyx","pictus",233,16.441231781156,TRUE,FALSE
90,"sp2890","Colinus","virginianus",172,12.1467850349488,TRUE,FALSE
92,"sp2930","Callipepla","squamata",184,12.9918702309989,TRUE,FALSE
94,"sp2940","Callipepla","californica",166.333333333333,14.2891688729015,TRUE,FALSE
95,"sp2950","Callipepla","gambelii",166,11.724191533728,TRUE,FALSE
96,"sp2960","Cyrtonyx","montezumae",185.5,16.85,FALSE,FALSE
100,"sp2882","Alectoris","chukar",503.5,35.4546373692947,TRUE,FALSE
103,"sp2881","Perdix","perdix",405.5,31,FALSE,FALSE
104,"sp3091","Phasianus","colchicus",1135,79.7455650936898,TRUE,FALSE
105,"sp3095","Pavo","cristatus",4194,242.348815236447,TRUE,FALSE
106,"sp3000","Bonasa","umbellus",532,38.3843233687951,TRUE,FALSE
107,"sp3090","Centrocercus","urophasianus",2208.75,151.896047863642,TRUE,FALSE
108,"sp3089","Centrocercus","minimus",1650,115.805169557077,TRUE,FALSE
109,"sp2980","Falcipennis","canadensis",474,29.5,FALSE,FALSE
110,"sp3010","Lagopus","lagopus",570.666666666667,38.8486929499546,TRUE,FALSE
111,"sp3020","Lagopus","muta",535.5,43.9,FALSE,FALSE
112,"sp3040","Lagopus","leucura",355,25.0215381196883,TRUE,FALSE
113,"sp2970","Dendragapus","obscurus",1058.5,70.95,FALSE,FALSE
114,"sp2971","Dendragapus","fuliginosus",1056,73.75,FALSE,FALSE
116,"sp3080","Tympanuchus","phasianellus",885,62.2238231630327,TRUE,FALSE
117,"sp3050","Tympanuchus","cupido",864,60.7512175235354,TRUE,FALSE
118,"sp3070","Tympanuchus","pallidicinctus",746,52.4753512766338,TRUE,FALSE
119,"sp3100","Meleagris","gallopavo",6050,423.129699404224,TRUE,FALSE
130,"sp3131","Columba","livia",354.5,36.65,FALSE,FALSE
134,"sp3140","Patagioenas","leucocephala",179.333333333333,94.3333333333333,FALSE,FALSE
135,"sp3130","Patagioenas","flavirostris",271,25.5091311297744,TRUE,FALSE
136,"sp3120","Patagioenas","fasciata",367.25,25.8824183075223,TRUE,FALSE
139,"sp3152","Streptopelia","roseogrisea",155,10.9493182530572,TRUE,FALSE
141,"sp22860","Streptopelia","decaocto",149,10.95,FALSE,FALSE
142,"sp3151","Streptopelia","chinensis",159,11,FALSE,FALSE
143,"sp3210","Columbina","inca",47.5,4.4,FALSE,FALSE
144,"sp3200","Columbina","passerina",35.5857142857143,2.97483078113454,TRUE,FALSE
146,"sp3201","Columbina","talpacoti",46.05,4.69773403358518,TRUE,FALSE
151,"sp3180","Leptotila","verreauxi",147.5,20.5347879504644,TRUE,FALSE
157,"sp3190","Zenaida","asiatica",153,13.2,FALSE,FALSE
159,"sp3160","Zenaida","macroura",119,1.8,FALSE,FALSE
165,"sp3870","Coccyzus","americanus",64,9.1,FALSE,FALSE
166,"sp3860","Coccyzus","minor",63.9,10.8,FALSE,FALSE
167,"sp3880","Coccyzus","erythropthalmus",50.9,7.3,FALSE,FALSE
173,"sp3850","Geococcyx","californianus",376,90,FALSE,FALSE
174,"sp3830","Crotophaga","ani",111.733333333333,21.5664335827058,TRUE,FALSE
175,"sp3840","Crotophaga","sulcirostris",82.2,6.85,FALSE,FALSE
196,"sp4220","Cypseloides","niger",39.9,2.26666666666667,FALSE,FALSE
201,"sp4230","Chaetura","pelagica",23.6,1.67559759804135,TRUE,FALSE
202,"sp4240","Chaetura","vauxi",17.1,1.3,FALSE,FALSE
206,"sp4250","Aeronautes","saxatalis",32.1,2.5,FALSE,FALSE
219,"sp4260","Eugenes","fulgens",8.1,0.375,FALSE,FALSE
224,"sp4270","Lampornis","clemenciae",7.6,0.25,FALSE,FALSE
230,"sp4370","Calothorax","lucifer",3.3,0.235544864941889,TRUE,FALSE
232,"sp4280","Archilochus","colubris",3.1,0.25,FALSE,FALSE
233,"sp4290","Archilochus","alexandri",3.4,0.4,FALSE,FALSE
235,"sp4310","Calypte","anna",4.25,0.4,FALSE,FALSE
236,"sp4300","Calypte","costae",3.1,0.221306384312053,TRUE,FALSE
239,"sp4320","Selasphorus","platycercus",3.55,0.35,FALSE,FALSE
240,"sp4330","Selasphorus","rufus",3.5,0.249780709954471,TRUE,FALSE
241,"sp4340","Selasphorus","sasin",3.375,0.240881961257074,TRUE,FALSE
244,"sp4360","Selasphorus","calliope",2.65,0.18926067371783,TRUE,FALSE
249,"sp4410","Cynanthus","latirostris",3.1,0.4,FALSE,FALSE
265,"sp4390","Amazilia","yucatanensis",3.9,0.278244957154759,TRUE,FALSE
267,"sp4391","Amazilia","violiceps",5.1,0.363597182615199,TRUE,FALSE
611,"sp3260","Coragyps","atratus",1899.5,115,FALSE,FALSE
612,"sp3250","Cathartes","aura",1552,149.77705568671,TRUE,FALSE
615,"sp3240","Gymnogyps","californianus",8450,590.517034740018,TRUE,FALSE
617,"sp3640","Pandion","haliaetus",1485.5,104.299374820714,TRUE,FALSE
618,"sp3280","Elanus","leucurus",346,23.2,FALSE,FALSE
619,"sp3271","Chondrohierax","uncinatus",287,20.240100998102,TRUE,FALSE
621,"sp3270","Elanoides","forficatus",417,29.3786158677483,TRUE,FALSE
624,"sp3490","Aquila","chrysaetos",4263.5,377.5,FALSE,FALSE
629,"sp3310","Circus","hudsonius",401,36.4866736031414,TRUE,FALSE
631,"sp3320","Accipiter","striatus",135.725,8.89726226999481,TRUE,FALSE
632,"sp3330","Accipiter","cooperii",439,27.85,FALSE,FALSE
634,"sp3340","Accipiter","gentilis",901.666666666667,39.2633563072979,TRUE,FALSE
637,"sp3520","Haliaeetus","leucocephalus",4740,331.758337151929,TRUE,FALSE
640,"sp3290","Ictinia","mississippiensis",278,19.6068743351621,TRUE,FALSE
644,"sp3300","Rostrhamus","sociabilis",370.75,28.9831766355752,TRUE,FALSE
645,"sp3450","Buteogallus","anthracinus",996,70.0024980794033,TRUE,FALSE
649,"sp3350","Parabuteo","unicinctus",865,60.8190910701727,TRUE,FALSE
650,"sp3410","Geranoaetus","albicaudatus",886,62.294249482527,TRUE,FALSE
652,"sp3460","Buteo","plagiatus",528.5,37.208682756909,TRUE,FALSE
653,"sp3390","Buteo","lineatus",607,42.7209067065201,TRUE,FALSE
654,"sp3430","Buteo","platypterus",455,32.0481724373249,TRUE,FALSE
655,"sp3440","Buteo","brachyurus",502.5,45.5,FALSE,FALSE
656,"sp3420","Buteo","swainsoni",958.5,67.3753738212632,TRUE,FALSE
657,"sp3400","Buteo","albonotatus",757,53.2449618155059,TRUE,FALSE
658,"sp3370","Buteo","jamaicensis",1110.25,78.0122625966378,TRUE,FALSE
660,"sp3470","Buteo","lagopus",956,67.2011743205187,TRUE,FALSE
661,"sp3480","Buteo","regalis",1469.5,103.173351733085,TRUE,FALSE
703,"sp3890","Trogon","elegans",70.9,7.7,FALSE,FALSE
728,"sp4080","Melanerpes","lewis",106,7.49554685265416,TRUE,FALSE
729,"sp4060","Melanerpes","erythrocephalus",71.6,5.06841432908327,TRUE,FALSE
730,"sp4070","Melanerpes","formicivorus",79.65,9.2,FALSE,FALSE
735,"sp4110","Melanerpes","uropygialis",64.85,4.75,FALSE,FALSE
736,"sp4100","Melanerpes","aurifrons",80.9,6.7,FALSE,FALSE
737,"sp4090","Melanerpes","carolinus",69.6,10.65,FALSE,FALSE
738,"sp4040","Sphyrapicus","thyroideus",47.6,2.8,FALSE,FALSE
739,"sp4020","Sphyrapicus","varius",50.3,4.3,FALSE,FALSE
740,"sp4021","Sphyrapicus","nuchalis",48.5333333333333,4.6,FALSE,FALSE
741,"sp4030","Sphyrapicus","ruber",54.9666666666667,4.7,FALSE,FALSE
743,"sp4010","Picoides","dorsalis",55.15,3.6,FALSE,FALSE
744,"sp4000","Picoides","arcticus",69.3,4.90602368507443,TRUE,FALSE
746,"sp3940","Dryobates","pubescens",25.675,1.52495307802002,TRUE,FALSE
747,"sp3970","Dryobates","nuttallii",37.4,2.2,FALSE,FALSE
748,"sp3960","Dryobates","scalaris",31.6333333333333,2.76090181914965,TRUE,FALSE
749,"sp3950","Dryobates","borealis",48,7.6,FALSE,FALSE
750,"sp3930","Dryobates","villosus",63.3,3.43756388805175,TRUE,FALSE
751,"sp3990","Dryobates","albolarvatus",61.1,3.6,FALSE,FALSE
753,"sp3975","Dryobates","arizonae",46.75,2.71291282674345,TRUE,FALSE
757,"sp4123","Colaptes","auratus",131.666666666667,7.2,FALSE,FALSE
761,"sp4140","Colaptes","chrysoides",111,7.4,FALSE,FALSE
764,"sp4050","Dryocopus","pileatus",287.25,20.2577358311472,TRUE,FALSE
771,"sp3620","Caracara","cheriway",1031,68.1599797326119,TRUE,FALSE
773,"sp3600","Falco","sparverius",116.21,8.98079615112391,TRUE,FALSE
775,"sp3570","Falco","columbarius",190.5,15.65,FALSE,FALSE
777,"sp3590","Falco","femoralis",343.5,24.2116734244434,TRUE,FALSE
780,"sp3540","Falco","rusticolus",1461,102.578706939262,TRUE,FALSE
781,"sp3560","Falco","peregrinus",783.333333333333,57.0765198418876,TRUE,FALSE
782,"sp3550","Falco","mexicanus",734,50.95,FALSE,FALSE
783,"sp3824","Myiopsitta","monachus",120,8.48273882658171,TRUE,FALSE
786,"sp51830","Aratinga","nenday",128,9.04668153958058,TRUE,FALSE
800,"sp52021","Brotogeris","chiriri",61.6,4.36230294604883,TRUE,FALSE
815,"sp3822","Melopsittacus","undulatus",29,2,FALSE,FALSE
872,"sp4720","Camptostoma","imberbe",7.4,0.8,FALSE,FALSE
882,"sp4550","Myiarchus","tuberculifer",18.2,1.29301295920986,TRUE,FALSE
883,"sp4540","Myiarchus","cinerascens",28.2,2.00123674225999,TRUE,FALSE
885,"sp4520","Myiarchus","crinitus",32.1,2.27720864342063,TRUE,FALSE
886,"sp4530","Myiarchus","tyrannulus",36.25,2.61831161128092,TRUE,FALSE
889,"sp4490","Pitangus","sulphuratus",63.3333333333333,4.41131426790889,TRUE,FALSE
893,"sp4510","Myiodynastes","luteiventris",46.9,3.32373947557109,TRUE,FALSE
897,"sp4460","Tyrannus","melancholicus",37.4,2.9,FALSE,FALSE
898,"sp4461","Tyrannus","couchii",39,2.76525109065643,TRUE,FALSE
900,"sp4480","Tyrannus","vociferans",45.6,3.4,FALSE,FALSE
901,"sp4451","Tyrannus","crassirostris",55.9,3.95968403335856,TRUE,FALSE
902,"sp4470","Tyrannus","verticalis",39.6,2.8,FALSE,FALSE
904,"sp4440","Tyrannus","tyrannus",39.925,2.75,FALSE,FALSE
905,"sp4450","Tyrannus","dominicensis",46.5,5,FALSE,FALSE
907,"sp4430","Tyrannus","forficatus",39.3,2.78646472348034,TRUE,FALSE
912,"sp4590","Contopus","cooperi",32.1,2.3,FALSE,FALSE
913,"sp4600","Contopus","pertinax",27.2,3.3,FALSE,FALSE
914,"sp4620","Contopus","sordidulus",13.1,0.8,FALSE,FALSE
915,"sp4610","Contopus","virens",13.9,0.7,FALSE,FALSE
918,"sp4630","Empidonax","flaviventris",11.8,1,FALSE,FALSE
919,"sp4650","Empidonax","virescens",12.6,0.7,FALSE,FALSE
920,"sp4661","Empidonax","alnorum",12.6,1.1,FALSE,FALSE
921,"sp4660","Empidonax","traillii",13.4,1.45,FALSE,FALSE
924,"sp4670","Empidonax","minimus",10,0.8,FALSE,FALSE
925,"sp4680","Empidonax","hammondii",10.45,0.75,FALSE,FALSE
926,"sp4691","Empidonax","wrightii",12.3,0.7,FALSE,FALSE
927,"sp4690","Empidonax","oberholseri",10.4,0.6,FALSE,FALSE
930,"sp4641","Empidonax","difficilis",10.7,0.9,FALSE,FALSE
931,"sp4640","Empidonax","occidentalis",11.6,1.2,FALSE,FALSE
936,"sp4580","Sayornis","nigricans",18.65,1,FALSE,FALSE
937,"sp4560","Sayornis","phoebe",19.7,1.4,FALSE,FALSE
938,"sp4570","Sayornis","saya",20.9,2.5,FALSE,FALSE
939,"sp4710","Pyrocephalus","rubinus",14.4,1.0237602699715,TRUE,FALSE
941,"sp6220","Lanius","ludovicianus",51.75,1.9,FALSE,FALSE
942,"sp6210","Lanius","borealis",63.45,4.3,FALSE,FALSE
950,"sp6300","Vireo","atricapilla",9,0.4,FALSE,FALSE
952,"sp6310","Vireo","griseus",11.4,0.810987171561529,TRUE,FALSE
957,"sp6330","Vireo","bellii",8.5,0.6,FALSE,FALSE
958,"sp6340","Vireo","vicinior",12.8,1.1,FALSE,FALSE
959,"sp6320","Vireo","huttoni",11.3,0.8,FALSE,FALSE
960,"sp6280","Vireo","flavifrons",18,1.6,FALSE,FALSE
961,"sp6291","Vireo","cassinii",14.7,1.4,FALSE,FALSE
962,"sp6290","Vireo","solitarius",15.3,1.08756763035649,TRUE,FALSE
964,"sp6292","Vireo","plumbeus",16.4,1.5,FALSE,FALSE
966,"sp6260","Vireo","philadelphicus",11.5,0.7,FALSE,FALSE
967,"sp6270","Vireo","gilvus",12.7,1.2,FALSE,FALSE
969,"sp6240","Vireo","olivaceus",16.1666666666667,1.08435373938494,TRUE,FALSE
971,"sp6230","Vireo","altiloquus",19.0142857142857,1.38169215993808,TRUE,FALSE
973,"sp4840","Perisoreus","canadensis",71.7,2.6,FALSE,FALSE
982,"sp4830","Cyanocorax","yncas",78.5,5.6,FALSE,FALSE
986,"sp4920","Gymnorhinus","cyanocephalus",105,0.7,FALSE,FALSE
987,"sp4780","Cyanocitta","stelleri",128,9.04668153958058,TRUE,FALSE
988,"sp4770","Cyanocitta","cristata",88,5.8,FALSE,FALSE
989,"sp4790","Aphelocoma","coerulescens",77.15,4.85,FALSE,FALSE
991,"sp4812","Aphelocoma","californica",86.2125,6.09965942618367,TRUE,FALSE
992,"sp4813","Aphelocoma","californica",86.2125,6.09965942618367,TRUE,FALSE
995,"sp4820","Aphelocoma","ultramarina",114.5,7.25830391195427,TRUE,FALSE
997,"sp4910","Nucifraga","columbiana",130,0.95,FALSE,FALSE
998,"sp4750","Pica","hudsonia",177.5,12.3,FALSE,FALSE
999,"sp4760","Pica","nuttalli",159,8.75,FALSE,FALSE
1001,"sp4880","Corvus","brachyrhynchos",452.75,33.4151384999461,TRUE,FALSE
1002,"sp4890","Corvus","caurinus",391.5,27.586771105456,TRUE,FALSE
1005,"sp4900","Corvus","ossifragus",285,21.65,FALSE,FALSE
1008,"sp4870","Corvus","cryptoleucus",534,43.15,FALSE,FALSE
1009,"sp4860","Corvus","corax",941,99.45,FALSE,FALSE
1011,"sp4730","Alauda","arvensis",37.475,3.31617416981006,TRUE,FALSE
1012,"sp4740","Eremophila","alpestris",33.5333333333333,2.37857305640417,TRUE,FALSE
1013,"sp6110","Progne","subis",53.8,4.3,FALSE,FALSE
1019,"sp6140","Tachycineta","bicolor",21.2,1.50563282885237,TRUE,FALSE
1021,"sp6150","Tachycineta","thalassina",14.15,1.00603370208032,TRUE,FALSE
1025,"sp6170","Stelgidopteryx","serripennis",15.7,0.85087282444621,TRUE,FALSE
1027,"sp6160","Riparia","riparia",12.7333333333333,0.967964110570113,TRUE,FALSE
1028,"sp6120","Petrochelidon","pyrrhonota",21.6,2,FALSE,FALSE
1029,"sp6121","Petrochelidon","fulva",19.2666666666667,1.36094674941039,TRUE,FALSE
1031,"sp6130","Hirundo","rustica",17.9833333333333,1.26940772262595,TRUE,FALSE
1033,"sp7360","Poecile","carolinensis",10,0.45,FALSE,FALSE
1034,"sp7350","Poecile","atricapillus",10.8,0.8,FALSE,FALSE
1035,"sp7380","Poecile","gambeli",11.2,0.966666666666667,FALSE,FALSE
1036,"sp7370","Poecile","sclateri",10.1,0.9,FALSE,FALSE
1037,"sp7410","Poecile","rufescens",9.4,0.55,FALSE,FALSE
1038,"sp7400","Poecile","hudsonicus",9.8,0.8,FALSE,FALSE
1044,"sp7340","Baeolophus","wollweberi",10.4,0.4,FALSE,FALSE
1045,"sp7330","Baeolophus","inornatus",15.8875,1.075,FALSE,FALSE
1046,"sp7331","Baeolophus","ridgwayi",15.8666666666667,0.895855876785495,TRUE,FALSE
1048,"sp7310","Baeolophus","bicolor",21.6,1.53396374068631,TRUE,FALSE
1049,"sp7320","Baeolophus","atricristatus",17.5,2.7,FALSE,FALSE
1051,"sp7460","Auriparus","flaviceps",6.8,0.7,FALSE,FALSE
1052,"sp7430","Psaltriparus","minimus",5.3,0.4,FALSE,FALSE
1053,"sp7280","Sitta","canadensis",9.8,0.7,FALSE,FALSE
1054,"sp7270","Sitta","carolinensis",21,1.49146683452314,TRUE,FALSE
1055,"sp7300","Sitta","pygmaea",10.6,0.754223629309803,TRUE,FALSE
1056,"sp7290","Sitta","pusilla",10.2,0.725837580989933,TRUE,FALSE
1057,"sp7260","Certhia","americana",8.1,0.5,FALSE,FALSE
1058,"sp7150","Salpinctes","obsoletus",16.4,1.05101007580356,TRUE,FALSE
1060,"sp7170","Catherpes","mexicanus",12,1.80194616585517,TRUE,FALSE
1063,"sp7210","Troglodytes","aedon",10.86,0.76,FALSE,FALSE
1067,"sp7221","Troglodytes","hiemalis",9.8,0.678714342684339,TRUE,FALSE
1068,"sp7222","Troglodytes","hiemalis",9.8,0.678714342684339,TRUE,FALSE
1070,"sp7240","Cistothorus","platensis",9.175,0.667894009200176,TRUE,FALSE
1071,"sp7250","Cistothorus","palustris",10.84,0.866454138172882,TRUE,FALSE
1072,"sp7180","Thryothorus","ludovicianus",19.0333333333333,3,FALSE,FALSE
1073,"sp7190","Thryomanes","bewickii",9.9,0.8,FALSE,FALSE
1081,"sp7130","Campylorhynchus","brunneicapillus",38.9,2.75817978217972,TRUE,FALSE
1085,"sp16600","Thryophilus","sinaloa",15.1,1.4,FALSE,FALSE
1092,"sp7510","Polioptila","caerulea",5.8,0.3,FALSE,FALSE
1093,"sp7530","Polioptila","californica",5.83333333333333,0.3306782820203,TRUE,FALSE
1094,"sp7520","Polioptila","melanura",5.2,0.370707144171098,TRUE,FALSE
1102,"sp7480","Regulus","satrapa",6.2,0.1,FALSE,FALSE
1103,"sp7490","Regulus","calendula",6.2,0.3,FALSE,FALSE
1110,"sp7470","Phylloscopus","borealis",10.9,0.777111814654901,TRUE,FALSE
1113,"sp7420","Chamaea","fasciata",14.75,1.1,FALSE,FALSE
1124,"sp7640","Cyanecula","svecica",17.3,1.24103597316019,TRUE,FALSE
1132,"sp7650","Oenanthe","oenanthe",25.6333333333333,2.05702564607634,TRUE,FALSE
1133,"sp7660","Sialia","sialis",27.5,3.3,FALSE,FALSE
1134,"sp7670","Sialia","mexicana",26.45,1.2,FALSE,FALSE
1135,"sp7680","Sialia","currucoides",29.6,3,FALSE,FALSE
1136,"sp7540","Myadestes","townsendi",33.2,2,FALSE,FALSE
1144,"sp7560","Catharus","fuscescens",31.9,2.5,FALSE,FALSE
1145,"sp7570","Catharus","minimus",31.6,3.6,FALSE,FALSE
1146,"sp7571","Catharus","bicknelli",27.8,2.5,FALSE,FALSE
1147,"sp7580","Catharus","ustulatus",30.3,1.8,FALSE,FALSE
1148,"sp7590","Catharus","guttatus",30.1,3.1,FALSE,FALSE
1149,"sp7550","Hylocichla","mustelina",50.15,3.85,FALSE,FALSE
1162,"sp7610","Turdus","migratorius",78.5,7.4,FALSE,FALSE
1164,"sp7630","Ixoreus","naevius",77.55,5.6,FALSE,FALSE
1169,"sp7040","Dumetella","carolinensis",35.3,2.5,FALSE,FALSE
1170,"sp7070","Toxostoma","curvirostre",80.6333333333333,5.16666666666667,FALSE,FALSE
1172,"sp7050","Toxostoma","rufum",68.8,4.87073164955824,TRUE,FALSE
1173,"sp7060","Toxostoma","longirostre",67.6,5.5,FALSE,FALSE
1175,"sp7080","Toxostoma","bendirei",62.2,5.1,FALSE,FALSE
1177,"sp7100","Toxostoma","redivivum",84.4,3.9,FALSE,FALSE
1178,"sp7110","Toxostoma","lecontei",61.9,4.38349054953967,TRUE,FALSE
1179,"sp7120","Toxostoma","crissale",62.7,4.3,FALSE,FALSE
1180,"sp7020","Oreoscoptes","montanus",44.2,3.13289457488291,TRUE,FALSE
1181,"sp7031","Mimus","gundlachii",66.8,8.8,FALSE,FALSE
1184,"sp7030","Mimus","polyglottos",48.5,3.43681866736463,TRUE,FALSE
1185,"sp4930","Sturnus","vulgaris",78.0333333333333,4.46587182158295,TRUE,FALSE
1186,"sp4932","Acridotheres","tristis",116.6,8.45553340846766,TRUE,FALSE
1187,"sp6180","Bombycilla","garrulus",54.45,4.45973668367339,TRUE,FALSE
1188,"sp6190","Bombycilla","cedrorum",31.6,2.25,FALSE,FALSE
1191,"sp6200","Phainopepla","nitens",22.1,1.5693753956695,TRUE,FALSE
1192,"sp6510","Peucedramus","taeniatus",11,0.6,FALSE,FALSE
1198,"sp6882","Passer","domesticus",26.5666666666667,1.84172055361569,TRUE,FALSE
1199,"sp6883","Passer","montanus",21.4,1.33865023834453,TRUE,FALSE
1200,"sp6960","Motacilla","tschutschensis",14.4,1.02375861137953,TRUE,FALSE
1203,"sp6940","Motacilla","alba",24.04,1.83756871343781,TRUE,FALSE
1207,"sp6990","Anthus","cervinus",20.9,1.48438370126169,TRUE,FALSE
1208,"sp6970","Anthus","rubescens",20.7,1.2904197627836,TRUE,FALSE
1209,"sp7000","Anthus","spragueii",25.5,2.2,FALSE,FALSE
1219,"sp5140","Coccothraustes","vespertinus",57.35,3.575,FALSE,FALSE
1222,"sp5150","Pinicola","enucleator",56.4,3.2,FALSE,FALSE
1225,"sp5240","Leucosticte","tephrocotis",39.4666666666667,3,FALSE,FALSE
1226,"sp5250","Leucosticte","atrata",25.25,2,FALSE,FALSE
1228,"sp5190","Haemorhous","mexicanus",21.4,1.3,FALSE,FALSE
1229,"sp5170","Haemorhous","purpureus",23.3,1.65435465100876,TRUE,FALSE
1230,"sp5180","Haemorhous","cassinii",26.5,2.4,FALSE,FALSE
1234,"sp5280","Acanthis","flammea",13,0.924482742702373,TRUE,FALSE
1235,"sp5270","Acanthis","hornemanni",15.45,1.09815419536556,TRUE,FALSE
1237,"sp5210","Loxia","curvirostra",38.3333333333333,3.09097375094068,TRUE,FALSE
1240,"sp5220","Loxia","leucoptera",28.975,1.86159131208855,TRUE,FALSE
1242,"sp5261","Carduelis","carduelis",16,1.13718855252487,TRUE,FALSE
1244,"sp5330","Spinus","pinus",12.7,0.903205338989133,TRUE,FALSE
1247,"sp5300","Spinus","psaltria",8.8,0.626456622295535,TRUE,FALSE
1248,"sp5310","Spinus","lawrencei",10.95,0.9,FALSE,FALSE
1249,"sp5290","Spinus","tristis",12.8,0.8,FALSE,FALSE
1250,"sp5360","Calcarius","lapponicus",27.85,2.2,FALSE,FALSE
1251,"sp5380","Calcarius","ornatus",20.3,1.44188296860169,TRUE,FALSE
1252,"sp5370","Calcarius","pictus",26.7,1.89506003123087,TRUE,FALSE
1253,"sp5390","Rhynchophanes","mccownii",25.7,1.82427464125497,TRUE,FALSE
1254,"sp5340","Plectrophenax","nivalis",42.2,5.5,FALSE,FALSE
1269,"sp5860","Arremonops","rufivirgatus",22.45,2.7,FALSE,FALSE
1274,"sp5900","Pipilo","chlorurus",29.4,3.3,FALSE,FALSE
1275,"sp5880","Pipilo","maculatus",39.3,2.63333333333333,FALSE,FALSE
1276,"sp5870","Pipilo","erythrophthalmus",40.05,2.35,FALSE,FALSE
1279,"sp5800","Aimophila","ruficeps",18.7,1.4,FALSE,FALSE
1284,"sp5910","Melozone","fusca",44.4,3.2,FALSE,FALSE
1286,"sp5911","Melozone","crissalis",52.85,3.74420084084422,TRUE,FALSE
1287,"sp5920","Melozone","aberti",45.95,3.1,FALSE,FALSE
1289,"sp5790","Peucaea","carpalis",15.3,1,FALSE,FALSE
1293,"sp5760","Peucaea","botterii",19.9,1.9,FALSE,FALSE
1294,"sp5780","Peucaea","cassinii",18.9,1.5,FALSE,FALSE
1295,"sp5750","Peucaea","aestivalis",19.6,3.7,FALSE,FALSE
1297,"sp5590","Spizelloides","arborea",17.85,1.9,FALSE,FALSE
1298,"sp5600","Spizella","passerina",12.2,0.8,FALSE,FALSE
1299,"sp5610","Spizella","pallida",11.2,1.1,FALSE,FALSE
1300,"sp5620","Spizella","breweri",10.9,0.7,FALSE,FALSE
1301,"sp5630","Spizella","pusilla",12.5,0.8,FALSE,FALSE
1303,"sp5650","Spizella","atrogularis",11.3,1.1,FALSE,FALSE
1304,"sp5400","Pooecetes","gramineus",25.7,1.8242759776859,TRUE,FALSE
1305,"sp5520","Chondestes","grammacus",29,1.9,FALSE,FALSE
1307,"sp5730","Amphispiza","bilineata",13.5,1.2,FALSE,FALSE
1308,"sp5738","Amphispiza","belli",17.48,0.413259932837079,TRUE,FALSE
1309,"sp5739","Amphispiza","belli",15,1.06629966418539,TRUE,FALSE
1311,"sp6050","Calamospiza","melanocorys",37.6,3.7,FALSE,FALSE
1312,"sp5420","Passerculus","sandwichensis",20.1625,1.4056894654696,TRUE,FALSE
1313,"sp5460","Ammodramus","savannarum",17.625,1.59477990015757,TRUE,FALSE
1314,"sp5450","Centronyx","bairdii",18.0666666666667,1.33582005935559,TRUE,FALSE
1315,"sp5470","Centronyx","henslowii",12.8,0.910297955798781,TRUE,FALSE
1316,"sp5480","Ammospiza","leconteii",13,1.2,FALSE,FALSE
1317,"sp5500","Ammospiza","maritima",22.225,1.4,FALSE,FALSE
1318,"sp5491","Ammospiza","nelsoni",15.1666666666667,0.994066054240195,TRUE,FALSE
1319,"sp5490","Ammospiza","caudacuta",19.25,1.36748804500555,TRUE,FALSE
1321,"sp5850","Passerella","iliaca",33.34,2.28279088871153,TRUE,FALSE
1322,"sp5810","Melospiza","melodia",22.775,1.34245138013332,TRUE,FALSE
1323,"sp5830","Melospiza","lincolnii",16.6,1.2,FALSE,FALSE
1324,"sp5840","Melospiza","georgiana",16.1,1.2,FALSE,FALSE
1326,"sp5580","Zonotrichia","albicollis",24.4,1.7,FALSE,FALSE
1327,"sp5530","Zonotrichia","querula",35.55,2.1,FALSE,FALSE
1328,"sp5540","Zonotrichia","leucophrys",28.12,1.72,FALSE,FALSE
1329,"sp5570","Zonotrichia","atricapilla",32,1.55,FALSE,FALSE
1335,"sp5677","Junco","hyemalis",19.5666666666667,1.19328819062522,TRUE,FALSE
1337,"sp5700","Junco","phaeonotus",20.4,1.1,FALSE,FALSE
1341,"sp6830","Icteria","virens",24.9,1,FALSE,FALSE
1342,"sp4970","Xanthocephalus","xanthocephalus",64.5,4.56676099989506,TRUE,FALSE
1343,"sp4940","Dolichonyx","oryzivorus",31.55,2.1,FALSE,FALSE
1344,"sp5010","Sturnella","magna",92.6833333333333,7.22054495559663,TRUE,FALSE
1345,"sp5011","Sturnella","neglecta",100.7,7.12167467094931,TRUE,FALSE
1354,"sp5060","Icterus","spurius",19.45,1.38166678459222,TRUE,FALSE
1355,"sp5050","Icterus","cucullatus",24.3,2,FALSE,FALSE
1359,"sp5080","Icterus","bullockii",37.9,2.68746398257335,TRUE,FALSE
1361,"sp5032","Icterus","pectoralis",46.5,3.29546806717036,TRUE,FALSE
1362,"sp5031","Icterus","gularis",55.3,3.91727197600656,TRUE,FALSE
1363,"sp5030","Icterus","graduacauda",42.2,4.9,FALSE,FALSE
1364,"sp5070","Icterus","galbula",32.85,1.8,FALSE,FALSE
1368,"sp5040","Icterus","parisorum",36.5,2.41239916853428,TRUE,FALSE
1369,"sp4980","Agelaius","phoeniceus",52.4,2.95,FALSE,FALSE
1370,"sp5000","Agelaius","tricolor",58.7,3.54314381668172,TRUE,FALSE
1372,"sp4961","Molothrus","bonariensis",42.2,4.1,FALSE,FALSE
1373,"sp4960","Molothrus","aeneus",62.9,4.65,FALSE,FALSE
1374,"sp4950","Molothrus","ater",40.6833333333333,3.26666666666667,FALSE,FALSE
1378,"sp5090","Euphagus","carolinus",59.75,3,FALSE,FALSE
1379,"sp5100","Euphagus","cyanocephalus",62.65,4.05,FALSE,FALSE
1380,"sp5110","Quiscalus","quiscula",106.1,7.2,FALSE,FALSE
1381,"sp5130","Quiscalus","major",158.5,11.6,FALSE,FALSE
1382,"sp5120","Quiscalus","mexicanus",169,13.8,FALSE,FALSE
1384,"sp6740","Seiurus","aurocapilla",18.8,1.2,FALSE,FALSE
1385,"sp6390","Helmitheros","vermivorum",14.2,1.45,FALSE,FALSE
1386,"sp6760","Parkesia","motacilla",19.9,1.413547272468,TRUE,FALSE
1387,"sp6750","Parkesia","noveboracensis",16.3,1.1,FALSE,FALSE
1388,"sp6420","Vermivora","chrysoptera",8.75,0.65,FALSE,FALSE
1389,"sp6410","Vermivora","pinus",8.9,0.63356155089065,TRUE,FALSE
1392,"sp6360","Mniotilta","varia",10.9,0.77551126535411,TRUE,FALSE
1393,"sp6370","Protonotaria","citrea",14.3,0.1,FALSE,FALSE
1394,"sp6380","Limnothlypis","swainsonii",18.9,1.7,FALSE,FALSE
1396,"sp6470","Oreothlypis","peregrina",8.9,1.1,FALSE,FALSE
1397,"sp6460","Oreothlypis","celata",9.2,0.8,FALSE,FALSE
1399,"sp6430","Oreothlypis","luciae",6.6,0.5,FALSE,FALSE
1400,"sp6450","Oreothlypis","ruficapilla",8.1,0.45,FALSE,FALSE
1401,"sp6440","Oreothlypis","virginiae",8.2,0.583859714483982,TRUE,FALSE
1402,"sp6780","Oporornis","agilis",13.3,0.945758823409266,TRUE,FALSE
1404,"sp6800","Geothlypis","tolmiei",10.4,1.2,FALSE,FALSE
1405,"sp6790","Geothlypis","philadelphia",11.75,0.7,FALSE,FALSE
1406,"sp6770","Geothlypis","formosa",14,0.995398032343188,TRUE,FALSE
1410,"sp6810","Geothlypis","trichas",9.66666666666667,0.639580201590709,TRUE,FALSE
1412,"sp6840","Setophaga","citrina",10.55,0.65,FALSE,FALSE
1413,"sp6870","Setophaga","ruticilla",8.25,0.6,FALSE,FALSE
1414,"sp6700","Setophaga","kirtlandii",13.95,0.9,FALSE,FALSE
1415,"sp6500","Setophaga","tigrina",10.05,0.6,FALSE,FALSE
1416,"sp6580","Setophaga","cerulea",9.05,3.6,FALSE,FALSE
1417,"sp6480","Setophaga","americana",7.86666666666667,0.537420701357528,TRUE,FALSE
1418,"sp6490","Setophaga","pitiayumi",6.83333333333333,0.449175542401699,TRUE,FALSE
1419,"sp6570","Setophaga","magnolia",8.15,0.5,FALSE,FALSE
1420,"sp6600","Setophaga","castanea",11.8,0.83936486867174,TRUE,FALSE
1421,"sp6620","Setophaga","fusca",9.75,1.3,FALSE,FALSE
1422,"sp6520","Setophaga","petechia",10.2833333333333,0.664525784097442,TRUE,FALSE
1423,"sp6590","Setophaga","pensylvanica",9.3,0.55,FALSE,FALSE
1424,"sp6610","Setophaga","striata",11.85,0.6,FALSE,FALSE
1425,"sp6540","Setophaga","caerulescens",10.15,0.722287962338113,TRUE,FALSE
1426,"sp6720","Setophaga","palmarum",10.3,0.5,FALSE,FALSE
1427,"sp6710","Setophaga","pinus",11.8,1.43333333333333,FALSE,FALSE
1430,"sp6556","Setophaga","coronata",11.95,0.775,FALSE,FALSE
1431,"sp6630","Setophaga","dominica",9.7,0.690350393159243,TRUE,FALSE
1432,"sp6730","Setophaga","discolor",7.65,0.9,FALSE,FALSE
1433,"sp6640","Setophaga","graciae",8.1,0.576758540739339,TRUE,FALSE
1434,"sp6650","Setophaga","nigrescens",8.7,0.6,FALSE,FALSE
1435,"sp6680","Setophaga","townsendi",8.85,0.7,FALSE,FALSE
1436,"sp6690","Setophaga","occidentalis",10.4,0.740030972862627,TRUE,FALSE
1439,"sp6660","Setophaga","chrysoparia",9.9,0.704546082466756,TRUE,FALSE
1440,"sp6670","Setophaga","virens",8.7,0.5,FALSE,FALSE
1445,"sp6860","Cardellina","canadensis",10.05,0.55,FALSE,FALSE
1446,"sp6850","Cardellina","pusilla",6.96666666666667,1.6,FALSE,FALSE
1447,"sp6900","Cardellina","rubrifrons",9.8,0.697448532543929,TRUE,FALSE
1450,"sp6880","Myioborus","pictus",9.8,0.697448434976201,TRUE,FALSE
1453,"sp6090","Piranga","flava",37.7,3.9,FALSE,FALSE
1454,"sp6100","Piranga","rubra",29.15,2.55,FALSE,FALSE
1455,"sp6080","Piranga","olivacea",28.2,2.00123674225999,TRUE,FALSE
1456,"sp6070","Piranga","ludoviciana",28.1,1.99415924429542,TRUE,FALSE
1464,"sp5930","Cardinalis","cardinalis",42.65,2.75,FALSE,FALSE
1465,"sp5940","Cardinalis","sinuatus",35.2,2.5,FALSE,FALSE
1468,"sp5950","Pheucticus","ludovicianus",42,2.97736817296157,TRUE,FALSE
1469,"sp5960","Pheucticus","melanocephalus",47.15,4.05,FALSE,FALSE
1475,"sp5970","Passerina","caerulea",27.4,2.15,FALSE,FALSE
1476,"sp5990","Passerina","amoena",15.5,1.10174410835513,TRUE,FALSE
1477,"sp5980","Passerina","cyanea",14.7,5.15,FALSE,FALSE
1481,"sp6000","Passerina","versicolor",12.9,1.75,FALSE,FALSE
1482,"sp6010","Passerina","ciris",15.55,1.10528821815635,TRUE,FALSE
1483,"sp6040","Spiza","americana",26.275,1.72222031168217,TRUE,FALSE
